<core:FragmentDefinition xmlns:core="sap.ui.core" xmlns="sap.m">
    <Table id="idTable" items="{/suppliers}" itemPress="onItemPress">
        <headerToolbar>
            <Toolbar>
                <ToolbarSpacer ></ToolbarSpacer>
                <Button icon="sap-icon://filter" tooltip="Select Suppliers to filter" press="onFilter"></Button>
            </Toolbar>
        </headerToolbar>
        <columns>
            <Column>
                <header>
                    <Text text="Supplier Name" />
                </header>
            </Column>
            <Column>
                <header>
                    <Text text="City" />
                </header>
            </Column>
            <Column minScreenWidth="Tablet">
                <header>
                    <Text text="Since When" />
                </header>
            </Column>
            <Column minScreenWidth="Tablet" demandPopin="true">
                <header> 
                    <Text text="Contact Person" />
                </header>
            </Column>
        </columns>
        <items>
            <ColumnListItem type="Navigation">
                <cells>
                    <Text text="{name}" />
                    <Input value="{city}" showValueHelp="true" valueHelpRequest="onF4Help" />
                    <Text text="{sinceWhen}" />
                    <Text text="{contactPerson}" />
                </cells>
            </ColumnListItem>
        </items>
    </Table>

</core:FragmentDefinition>